code,term,id
762511000001105,Aldactide 25 tablets (Pfizer Ltd),762511000001105
4669111000001107,Aldactide 50 tablets (Pfizer Ltd),4669111000001107
17490211000001103,Aldactone 100mg tablets (Mawdsley-Brooks & Company Ltd),17490211000001103
421611000001100,Aldactone 100mg tablets (Pfizer Ltd),421611000001100
16540011000001108,Aldactone 100mg tablets (Stephar (U.K.) Ltd),16540011000001108
10480311000001103,Aldactone 100mg tablets (Waymade Healthcare Plc),10480311000001103
930511000001105,Aldactone 25mg tablets (Pfizer Ltd),930511000001105
10766811000001102,Aldactone 25mg tablets (Waymade Healthcare Plc),10766811000001102
17489911000001100,Aldactone 50mg tablets (Mawdsley-Brooks & Company Ltd),17489911000001100
921811000001103,Aldactone 50mg tablets (Pfizer Ltd),921811000001103
11706411000001105,Amiloride 1.5mg/5ml oral solution,11706411000001105
11706511000001109,Amiloride 1.5mg/5ml oral suspension,11706511000001109
11706611000001108,Amiloride 1.7mg/5ml oral solution,11706611000001108
11706711000001104,Amiloride 1.7mg/5ml oral suspension,11706711000001104
11814511000001103,Amiloride 10mg/5ml / Furosemide 125mg/5ml oral solution,11814511000001103
11806011000001104,Amiloride 10mg/5ml / Furosemide 125mg/5ml oral solution (Special Order),11806011000001104
11814611000001104,Amiloride 10mg/5ml / Furosemide 125mg/5ml oral suspension,11814611000001104
11805711000001105,Amiloride 10mg/5ml / Furosemide 125mg/5ml oral suspension (Special Order),11805711000001105
8273611000001109,Amiloride 10mg/5ml oral solution,8273611000001109
8273811000001108,Amiloride 10mg/5ml oral suspension,8273811000001108
11706811000001107,Amiloride 12.5mg/5ml oral solution,11706811000001107
11706911000001102,Amiloride 12.5mg/5ml oral suspension,11706911000001102
11707011000001103,Amiloride 1mg/5ml oral solution,11707011000001103
11707111000001102,Amiloride 1mg/5ml oral suspension,11707111000001102
11707211000001108,Amiloride 2.3mg/5ml oral solution,11707211000001108
11707311000001100,Amiloride 2.3mg/5ml oral suspension,11707311000001100
318096005,Amiloride 2.5mg / Cyclopenthiazide 250microgram tablets,318096005
11707411000001107,Amiloride 2.5mg/5ml oral solution,11707411000001107
11707511000001106,Amiloride 2.5mg/5ml oral suspension,11707511000001106
11707611000001105,Amiloride 2mg/5ml oral solution,11707611000001105
11707711000001101,Amiloride 2mg/5ml oral suspension,11707711000001101
11707811000001109,Amiloride 300micrograms/5ml oral solution,11707811000001109
11707911000001104,Amiloride 300micrograms/5ml oral suspension,11707911000001104
11708011000001102,Amiloride 3mg/5ml oral solution,11708011000001102
11708111000001101,Amiloride 3mg/5ml oral suspension,11708111000001101
11708211000001107,Amiloride 400micrograms/5ml oral solution,11708211000001107
11708311000001104,Amiloride 400micrograms/5ml oral suspension,11708311000001104
11708411000001106,Amiloride 4mg/5ml oral solution,11708411000001106
11708511000001105,Amiloride 4mg/5ml oral suspension,11708511000001105
8273911000001103,Amiloride 500micrograms/5ml oral solution,8273911000001103
8274011000001100,Amiloride 500micrograms/5ml oral suspension,8274011000001100
318097001,Amiloride 5mg / Bumetanide 1mg tablets,318097001
15507811000001107,Amiloride 5mg / Bumetanide 1mg tablets (A A H Pharmaceuticals Ltd),15507811000001107
15247111000001103,Amiloride 5mg / Bumetanide 1mg tablets (Alliance Healthcare (Distribution) Ltd),15247111000001103
16664411000001109,Amiloride 5mg / Bumetanide 1mg tablets (Chemidex Pharma Ltd),16664411000001109
19703711000001100,Amiloride 5mg / Bumetanide 1mg tablets (DE Pharmaceuticals),19703711000001100
15051211000001106,Amiloride 5mg / Bumetanide 1mg tablets (Essential Generics Ltd),15051211000001106
318052005,Amiloride 5mg tablets,318052005
382611000001108,Amiloride 5mg tablets (A A H Pharmaceuticals Ltd),382611000001108
20165011000001109,Amiloride 5mg tablets (Accord Healthcare Ltd),20165011000001109
824411000001106,Amiloride 5mg tablets (Alliance Healthcare (Distribution) Ltd),824411000001106
9783911000001100,Amiloride 5mg tablets (Almus Pharmaceuticals Ltd),9783911000001100
22588511000001108,Amiloride 5mg tablets (DE Pharmaceuticals),22588511000001108
22200911000001108,Amiloride 5mg tablets (Phoenix Healthcare Distribution Ltd),22200911000001108
29761811000001107,Amiloride 5mg tablets (Sigma Pharmaceuticals Plc),29761811000001107
533611000001105,Amiloride 5mg tablets (Wockhardt UK Ltd),533611000001105
35900111000001108,Amiloride 5mg/5ml oral solution sugar free,35900111000001108
35031211000001108,Amiloride 5mg/5ml oral solution sugar free (A A H Pharmaceuticals Ltd),35031211000001108
491011000001102,Amiloride 5mg/5ml oral solution sugar free (Alliance Healthcare (Distribution) Ltd),491011000001102
22603811000001107,Amiloride 5mg/5ml oral solution sugar free (Colorama Pharmaceuticals Ltd),22603811000001107
24119011000001109,Amiloride 5mg/5ml oral solution sugar free (DE Pharmaceuticals),24119011000001109
25814111000001105,Amiloride 5mg/5ml oral solution sugar free (Ennogen Healthcare Ltd),25814111000001105
34895811000001105,Amiloride 5mg/5ml oral solution sugar free (Rosemont Pharmaceuticals Ltd),34895811000001105
29762211000001104,Amiloride 5mg/5ml oral solution sugar free (Sigma Pharmaceuticals Plc),29762211000001104
8274111000001104,Amiloride 5mg/5ml oral suspension,8274111000001104
11708611000001109,Amiloride 800micrograms/5ml oral solution,11708611000001109
11708711000001100,Amiloride 800micrograms/5ml oral suspension,11708711000001100
767866006,Amiloride and bumetanide in oral dosage form,767866006
720443002,Amiloride and furosemide,720443002
767868007,Amiloride and furosemide in oral dosage form,767868007
375553009,Bumetanide 0.5 mg oral tablet,375553009
318021009,Bumetanide 1mg tablets,318021009
43411000001106,Bumetanide 1mg tablets (A A H Pharmaceuticals Ltd),43411000001106
539611000001107,Bumetanide 1mg tablets (Actavis UK Ltd),539611000001107
731811000001106,Bumetanide 1mg tablets (Alliance Healthcare (Distribution) Ltd),731811000001106
9793511000001108,Bumetanide 1mg tablets (Almus Pharmaceuticals Ltd),9793511000001108
10385911000001101,Bumetanide 1mg tablets (Arrow Generics Ltd),10385911000001101
689011000001100,Bumetanide 1mg tablets (C P Pharmaceuticals Ltd),689011000001100
22622811000001107,Bumetanide 1mg tablets (DE Pharmaceuticals),22622811000001107
13187611000001107,Bumetanide 1mg tablets (Dowelhurst Ltd),13187611000001107
226011000001101,Bumetanide 1mg tablets (IVAX Pharmaceuticals UK Ltd),226011000001101
443511000001103,Bumetanide 1mg tablets (Kent Pharmaceuticals Ltd),443511000001103
37046811000001102,Bumetanide 1mg tablets (Mawdsley-Brooks & Company Ltd),37046811000001102
402111000001109,Bumetanide 1mg tablets (Mylan),402111000001109
14106511000001105,Bumetanide 1mg tablets (Niche Generics Ltd),14106511000001105
17810611000001109,Bumetanide 1mg tablets (Phoenix Healthcare Distribution Ltd),17810611000001109
29775711000001107,Bumetanide 1mg tablets (Sigma Pharmaceuticals Plc),29775711000001107
274211000001100,Bumetanide 1mg tablets (Teva UK Ltd),274211000001100
21804811000001102,Bumetanide 1mg tablets (Waymade Healthcare Plc),21804811000001102
318023007,Bumetanide 1mg/5ml oral solution sugar free,318023007
484611000001105,Bumetanide 1mg/5ml oral solution sugar free (A A H Pharmaceuticals Ltd),484611000001105
679111000001109,Bumetanide 1mg/5ml oral solution sugar free (Alliance Healthcare (Distribution) Ltd),679111000001109
25833011000001104,Bumetanide 1mg/5ml oral solution sugar free (Ennogen Healthcare Ltd),25833011000001104
14781611000001107,Bumetanide 1mg/5ml oral solution sugar free (Essential Generics Ltd),14781611000001107
31353511000001106,Bumetanide 1mg/5ml oral solution sugar free (J M McGill Ltd),31353511000001106
716011000001104,Bumetanide 1mg/5ml oral solution sugar free (LEO Pharma),716011000001104
375648005,Bumetanide 2 mg oral tablet,375648005
769624001,Bumetanide 2 mg/4 mL solution for injection ampoule,769624001
35912911000001108,Bumetanide 2mg/4ml solution for injection ampoules,35912911000001108
4451311000001103,Bumetanide 2mg/4ml solution for injection ampoules (A A H Pharmaceuticals Ltd),4451311000001103
4451511000001109,Bumetanide 2mg/4ml solution for injection ampoules (Alliance Healthcare (Distribution) Ltd),4451511000001109
11555811000001108,Bumetanide 2mg/4ml solution for injection ampoules (LEO Pharma),11555811000001108
765663002,Bumetanide 500 microgram and potassium chloride 573 mg prolonged-release oral tablet,765663002
35913011000001100,Bumetanide 500microgram / Potassium chloride 573mg (potassium 7.7mmol) modified-release tablets,35913011000001100
318022002,Bumetanide 5mg tablets,318022002
376211000001101,Bumetanide 5mg tablets (A A H Pharmaceuticals Ltd),376211000001101
476011000001104,Bumetanide 5mg tablets (Alliance Healthcare (Distribution) Ltd),476011000001104
10386311000001107,Bumetanide 5mg tablets (Arrow Generics Ltd),10386311000001107
912611000001101,Bumetanide 5mg tablets (C P Pharmaceuticals Ltd),912611000001101
22623011000001105,Bumetanide 5mg tablets (DE Pharmaceuticals),22623011000001105
13188011000001104,Bumetanide 5mg tablets (Dowelhurst Ltd),13188011000001104
543811000001108,Bumetanide 5mg tablets (IVAX Pharmaceuticals UK Ltd),543811000001108
629311000001107,Bumetanide 5mg tablets (Kent Pharmaceuticals Ltd),629311000001107
30004711000001103,Bumetanide 5mg tablets (Mawdsley-Brooks & Company Ltd),30004711000001103
196711000001105,Bumetanide 5mg tablets (Mylan),196711000001105
14106711000001100,Bumetanide 5mg tablets (Niche Generics Ltd),14106711000001100
17810911000001103,Bumetanide 5mg tablets (Phoenix Healthcare Distribution Ltd),17810911000001103
29776111000001100,Bumetanide 5mg tablets (Sigma Pharmaceuticals Plc),29776111000001100
102011000001107,Bumetanide 5mg tablets (Teva UK Ltd),102011000001107
21805011000001107,Bumetanide 5mg tablets (Waymade Healthcare Plc),21805011000001107
30798811000001102,Bumetanide 5mg/5ml oral suspension,30798811000001102
30796711000001106,Bumetanide 5mg/5ml oral suspension (Special Order),30796711000001106
350610004,Bumetanide in oral dosage form,350610004
350611000,Bumetanide in parenteral dosage form,350611000
846411000001100,Burinex 1mg tablets (LEO Pharma),846411000001100
521811000001107,Burinex 5mg tablets (LEO Pharma),521811000001107
33911000001104,Burinex A 5mg/1mg tablets (LEO Pharma),33911000001104
3290211000001109,Burinex K modified-release tablets (LEO Pharma),3290211000001109
11814311000001109,Co-amilofruse 1.25mg/10mg/5ml oral solution,11814311000001109
11805411000001104,Co-amilofruse 1.25mg/10mg/5ml oral solution (Special Order),11805411000001104
11814411000001102,Co-amilofruse 1.25mg/10mg/5ml oral suspension,11814411000001102
11805111000001109,Co-amilofruse 1.25mg/10mg/5ml oral suspension (Special Order),11805111000001109
318137000,Co-amilofruse 10mg/80mg tablets,318137000
173711000001108,Co-amilofruse 10mg/80mg tablets (A A H Pharmaceuticals Ltd),173711000001108
26411000001104,Co-amilofruse 10mg/80mg tablets (Alliance Healthcare (Distribution) Ltd),26411000001104
10396411000001101,Co-amilofruse 10mg/80mg tablets (Arrow Generics Ltd),10396411000001101
19190011000001102,Co-amilofruse 10mg/80mg tablets (Aurobindo Pharma Ltd),19190011000001102
30043611000001102,Co-amilofruse 10mg/80mg tablets (DE Pharmaceuticals),30043611000001102
13232411000001104,Co-amilofruse 10mg/80mg tablets (Dowelhurst Ltd),13232411000001104
583811000001102,Co-amilofruse 10mg/80mg tablets (Kent Pharmaceuticals Ltd),583811000001102
30015711000001102,Co-amilofruse 10mg/80mg tablets (Mawdsley-Brooks & Company Ltd),30015711000001102
17885011000001105,Co-amilofruse 10mg/80mg tablets (Phoenix Healthcare Distribution Ltd),17885011000001105
29791811000001105,Co-amilofruse 10mg/80mg tablets (Sigma Pharmaceuticals Plc),29791811000001105
22006511000001106,Co-amilofruse 10mg/80mg tablets (Waymade Healthcare Plc),22006511000001106
457611000001105,Co-amilofruse 10mg/80mg tablets (Wockhardt UK Ltd),457611000001105
11814711000001108,Co-amilofruse 10mg/80mg/5ml oral solution,11814711000001108
11806611000001106,Co-amilofruse 10mg/80mg/5ml oral solution (Special Order),11806611000001106
11814811000001100,Co-amilofruse 10mg/80mg/5ml oral suspension,11814811000001100
11806311000001101,Co-amilofruse 10mg/80mg/5ml oral suspension (Special Order),11806311000001101
318135008,Co-amilofruse 2.5mg/20mg tablets,318135008
841211000001107,Co-amilofruse 2.5mg/20mg tablets (A A H Pharmaceuticals Ltd),841211000001107
773211000001107,Co-amilofruse 2.5mg/20mg tablets (Actavis UK Ltd),773211000001107
387111000001103,Co-amilofruse 2.5mg/20mg tablets (Alliance Healthcare (Distribution) Ltd),387111000001103
10395811000001107,Co-amilofruse 2.5mg/20mg tablets (Arrow Generics Ltd),10395811000001107
23825911000001105,Co-amilofruse 2.5mg/20mg tablets (DE Pharmaceuticals),23825911000001105
13231211000001105,Co-amilofruse 2.5mg/20mg tablets (Dowelhurst Ltd),13231211000001105
292311000001109,Co-amilofruse 2.5mg/20mg tablets (Kent Pharmaceuticals Ltd),292311000001109
19189511000001103,Co-amilofruse 2.5mg/20mg tablets (Milpharm Ltd),19189511000001103
17863811000001100,Co-amilofruse 2.5mg/20mg tablets (Phoenix Healthcare Distribution Ltd),17863811000001100
901811000001108,Co-amilofruse 2.5mg/20mg tablets (Sandoz Ltd),901811000001108
29792211000001102,Co-amilofruse 2.5mg/20mg tablets (Sigma Pharmaceuticals Plc),29792211000001102
242811000001109,Co-amilofruse 2.5mg/20mg tablets (Teva UK Ltd),242811000001109
21937611000001106,Co-amilofruse 2.5mg/20mg tablets (Waymade Healthcare Plc),21937611000001106
213911000001104,Co-amilofruse 2.5mg/20mg tablets (Wockhardt UK Ltd),213911000001104
8426711000001107,Co-amilofruse 2.5mg/20mg/5ml oral solution,8426711000001107
8400811000001107,Co-amilofruse 2.5mg/20mg/5ml oral solution (Special Order),8400811000001107
8426811000001104,Co-amilofruse 2.5mg/20mg/5ml oral suspension,8426811000001104
8401111000001106,Co-amilofruse 2.5mg/20mg/5ml oral suspension (Special Order),8401111000001106
318136009,Co-amilofruse 5mg/40mg tablets,318136009
11311000001108,Co-amilofruse 5mg/40mg tablets (A A H Pharmaceuticals Ltd),11311000001108
667111000001108,Co-amilofruse 5mg/40mg tablets (Actavis UK Ltd),667111000001108
362011000001103,Co-amilofruse 5mg/40mg tablets (Alliance Healthcare (Distribution) Ltd),362011000001103
10396111000001106,Co-amilofruse 5mg/40mg tablets (Arrow Generics Ltd),10396111000001106
37706811000001108,Co-amilofruse 5mg/40mg tablets (CST Pharma Ltd),37706811000001108
30043111000001105,Co-amilofruse 5mg/40mg tablets (DE Pharmaceuticals),30043111000001105
13232111000001109,Co-amilofruse 5mg/40mg tablets (Dowelhurst Ltd),13232111000001109
14161111000001106,Co-amilofruse 5mg/40mg tablets (Healthcare Pharma Ltd),14161111000001106
571911000001103,Co-amilofruse 5mg/40mg tablets (Kent Pharmaceuticals Ltd),571911000001103
19189711000001108,Co-amilofruse 5mg/40mg tablets (Milpharm Ltd),19189711000001108
428711000001104,Co-amilofruse 5mg/40mg tablets (Mylan),428711000001104
17864011000001108,Co-amilofruse 5mg/40mg tablets (Phoenix Healthcare Distribution Ltd),17864011000001108
557611000001103,Co-amilofruse 5mg/40mg tablets (Ranbaxy (UK) Ltd),557611000001103
295411000001105,Co-amilofruse 5mg/40mg tablets (Sandoz Ltd),295411000001105
29793111000001102,Co-amilofruse 5mg/40mg tablets (Sigma Pharmaceuticals Plc),29793111000001102
891211000001100,Co-amilofruse 5mg/40mg tablets (Teva UK Ltd),891211000001100
21939011000001108,Co-amilofruse 5mg/40mg tablets (Waymade Healthcare Plc),21939011000001108
380811000001106,Co-amilofruse 5mg/40mg tablets (Wockhardt UK Ltd),380811000001106
8426911000001109,Co-amilofruse 5mg/40mg/5ml oral solution,8426911000001109
8401411000001101,Co-amilofruse 5mg/40mg/5ml oral solution (Special Order),8401411000001101
8427011000001108,Co-amilofruse 5mg/40mg/5ml oral suspension,8427011000001108
8402211000001107,Co-amilofruse 5mg/40mg/5ml oral suspension (Special Order),8402211000001107
318127005,Co-flumactone 25mg/25mg tablets,318127005
318128000,Co-flumactone 50mg/50mg tablets,318128000
16593011000001108,Degarelix 120mg powder and solvent for solution for injection vials,16593011000001108
441966000,Degarelix 120mg powder for injection solution,441966000
16593111000001109,Degarelix 80mg powder and solvent for solution for injection vials,16593111000001109
441473000,Degarelix 80mg powder for injection solution,441473000
4540011000001102,Diumide-K Continus tablets (Teofarma),4540011000001102
27992311000001106,Diuresal 500mg tablets (Ennogen Pharma Ltd),27992311000001106
407015003,Eplerenone 100 mg oral tablet,407015003
407011007,Eplerenone 25mg tablets,407011007
27871911000001103,Eplerenone 25mg tablets (A A H Pharmaceuticals Ltd),27871911000001103
34934811000001108,Eplerenone 25mg tablets (Accord Healthcare Ltd),34934811000001108
29288711000001101,Eplerenone 25mg tablets (Actavis UK Ltd),29288711000001101
27125211000001104,Eplerenone 25mg tablets (Alliance Healthcare (Distribution) Ltd),27125211000001104
29951511000001109,Eplerenone 25mg tablets (Aspire Pharma Ltd),29951511000001109
35649111000001109,Eplerenone 25mg tablets (Consilient Health Ltd),35649111000001109
30276911000001108,Eplerenone 25mg tablets (Creo Pharma Ltd),30276911000001108
35651011000001107,Eplerenone 25mg tablets (Crescent Pharma Ltd),35651011000001107
30053011000001107,Eplerenone 25mg tablets (DE Pharmaceuticals),30053011000001107
36911511000001107,Eplerenone 25mg tablets (HBS Healthcare Ltd),36911511000001107
32406011000001105,Eplerenone 25mg tablets (Kent Pharmaceuticals Ltd),32406011000001105
37064011000001105,Eplerenone 25mg tablets (Mawdsley-Brooks & Company Ltd),37064011000001105
33597311000001105,Eplerenone 25mg tablets (Mylan),33597311000001105
29742211000001109,Eplerenone 25mg tablets (Pfizer Ltd),29742211000001109
25559911000001104,Eplerenone 25mg tablets (Teva UK Ltd),25559911000001104
36535611000001108,Eplerenone 25mg tablets (Tillomed Laboratories Ltd),36535611000001108
36501611000001100,Eplerenone 25mg tablets (Xiromed),36501611000001100
28883711000001104,Eplerenone 25mg tablets (Zentiva),28883711000001104
407012000,Eplerenone 50mg tablets,407012000
27872111000001106,Eplerenone 50mg tablets (A A H Pharmaceuticals Ltd),27872111000001106
34935211000001108,Eplerenone 50mg tablets (Accord Healthcare Ltd),34935211000001108
29289011000001108,Eplerenone 50mg tablets (Actavis UK Ltd),29289011000001108
27125911000001108,Eplerenone 50mg tablets (Alliance Healthcare (Distribution) Ltd),27125911000001108
29951711000001104,Eplerenone 50mg tablets (Aspire Pharma Ltd),29951711000001104
35649411000001104,Eplerenone 50mg tablets (Consilient Health Ltd),35649411000001104
30277311000001105,Eplerenone 50mg tablets (Creo Pharma Ltd),30277311000001105
35651211000001102,Eplerenone 50mg tablets (Crescent Pharma Ltd),35651211000001102
30053211000001102,Eplerenone 50mg tablets (DE Pharmaceuticals),30053211000001102
36911911000001100,Eplerenone 50mg tablets (HBS Healthcare Ltd),36911911000001100
33596811000001103,Eplerenone 50mg tablets (Mylan),33596811000001103
29742411000001108,Eplerenone 50mg tablets (Pfizer Ltd),29742411000001108
25560211000001107,Eplerenone 50mg tablets (Teva UK Ltd),25560211000001107
36535811000001107,Eplerenone 50mg tablets (Tillomed Laboratories Ltd),36535811000001107
36501811000001101,Eplerenone 50mg tablets (Xiromed),36501811000001101
28883911000001102,Eplerenone 50mg tablets (Zentiva),28883911000001102
768223008,Eplerenone in oral dosage form,768223008
10520411000001105,Fareston 60mg tablets (Dowelhurst Ltd),10520411000001105
4124011000001100,Fareston 60mg tablets (Orion Pharma (UK) Ltd),4124011000001100
16592311000001101,Firmagon 120mg powder and solvent for solution for injection vials (Ferring Pharmaceuticals Ltd),16592311000001101
16592611000001106,Firmagon 80mg powder and solvent for solution for injection vials (Ferring Pharmaceuticals Ltd),16592611000001106
36801911000001105,Firmagon 80mg powder and solvent for solution for injection vials (Originalis B.V.),36801911000001105
714311000001107,Froop 40mg tablets (Ashbourne Pharmaceuticals Ltd),714311000001107
331311000001103,Froop Co 5mg/40mg tablets (Ashbourne Pharmaceuticals Ltd),331311000001103
818511000001106,Fru-Co 5mg/40mg tablets (Teva UK Ltd),818511000001106
37394711000001108,Frumil 40mg/5mg tablets (CST Pharma Ltd),37394711000001108
5545811000001106,Frumil 40mg/5mg tablets (Dowelhurst Ltd),5545811000001106
16182411000001100,Frumil 40mg/5mg tablets (Lexon (UK) Ltd),16182411000001100
427411000001106,Frumil 40mg/5mg tablets (Sanofi),427411000001106
14244511000001107,Frumil 40mg/5mg tablets (Sigma Pharmaceuticals Plc),14244511000001107
5372111000001107,Frumil 40mg/5mg tablets (Waymade Healthcare Plc),5372111000001107
82611000001106,Frumil Forte 10mg/80mg tablets (Sanofi),82611000001106
550711000001106,Frumil LS 20mg/2.5mg tablets (Sanofi),550711000001106
10855211000001104,Frumil LS 20mg/2.5mg tablets (Waymade Healthcare Plc),10855211000001104
765719003,Frusemide+potassium 20mg/10Mmol prolonged-release oral tablet,765719003
765560007,Frusemide+potassium 40mg/8Mmol prolonged-release oral tablet,765560007
25411000001108,Frusene 50mg/40mg tablets (Orion Pharma (UK) Ltd),25411000001108
99311000001108,Frusid 40mg tablets (Dr Reddy's Laboratories (UK) Ltd),99311000001108
602811000001100,Frusol 20mg/5ml oral solution (Rosemont Pharmaceuticals Ltd),602811000001100
494811000001105,Frusol 40mg/5ml oral solution (Rosemont Pharmaceuticals Ltd),494811000001105
855611000001109,Frusol 50mg/5ml oral solution (Rosemont Pharmaceuticals Ltd),855611000001109
766480004,Furosemide 10 mg/mL oral solution,766480004
12034811000001105,Furosemide 100mg/5ml oral solution,12034811000001105
12007311000001103,Furosemide 100mg/5ml oral solution (Special Order),12007311000001103
12034911000001100,Furosemide 100mg/5ml oral suspension,12034911000001100
12007011000001101,Furosemide 100mg/5ml oral suspension (Special Order),12007011000001101
12035011000001100,Furosemide 10mg/5ml oral solution,12035011000001100
12007911000001102,Furosemide 10mg/5ml oral solution (Special Order),12007911000001102
12035111000001104,Furosemide 10mg/5ml oral suspension,12035111000001104
12007611000001108,Furosemide 10mg/5ml oral suspension (Special Order),12007611000001108
12035211000001105,Furosemide 12.5mg/5ml oral solution,12035211000001105
12008511000001108,Furosemide 12.5mg/5ml oral solution (Special Order),12008511000001108
12035311000001102,Furosemide 12.5mg/5ml oral suspension,12035311000001102
12008211000001105,Furosemide 12.5mg/5ml oral suspension (Special Order),12008211000001105
12035411000001109,Furosemide 120mg/5ml oral solution,12035411000001109
12009111000001106,Furosemide 120mg/5ml oral solution (Special Order),12009111000001106
12035511000001108,Furosemide 120mg/5ml oral suspension,12035511000001108
12008811000001106,Furosemide 120mg/5ml oral suspension (Special Order),12008811000001106
12035611000001107,Furosemide 15mg/5ml oral solution,12035611000001107
12009711000001107,Furosemide 15mg/5ml oral solution (Special Order),12009711000001107
12035711000001103,Furosemide 15mg/5ml oral suspension,12035711000001103
12009411000001101,Furosemide 15mg/5ml oral suspension (Special Order),12009411000001101
12035811000001106,Furosemide 1mg/5ml oral solution,12035811000001106
12010611000001106,Furosemide 1mg/5ml oral solution (Special Order),12010611000001106
12035911000001101,Furosemide 1mg/5ml oral suspension,12035911000001101
12010011000001104,Furosemide 1mg/5ml oral suspension (Special Order),12010011000001104
769767002,Furosemide 20 mg/2 mL solution for injection ampoule,769767002
12036011000001109,Furosemide 200mg/5ml oral solution,12036011000001109
12011511000001100,Furosemide 200mg/5ml oral solution (Special Order),12011511000001100
12036111000001105,Furosemide 200mg/5ml oral suspension,12036111000001105
12011011000001108,Furosemide 200mg/5ml oral suspension (Special Order),12011011000001108
36061311000001109,Furosemide 20mg / Potassium chloride 750mg (potassium 10mmol) modified-release tablets,36061311000001109
317971007,Furosemide 20mg tablets,317971007
202711000001106,Furosemide 20mg tablets (A A H Pharmaceuticals Ltd),202711000001106
631611000001100,Furosemide 20mg tablets (Actavis UK Ltd),631611000001100
121411000001102,Furosemide 20mg tablets (Alliance Healthcare (Distribution) Ltd),121411000001102
9800811000001104,Furosemide 20mg tablets (Almus Pharmaceuticals Ltd),9800811000001104
10428711000001107,Furosemide 20mg tablets (Arrow Generics Ltd),10428711000001107
14789111000001100,Furosemide 20mg tablets (Boston Healthcare Ltd),14789111000001100
16052611000001100,Furosemide 20mg tablets (Bristol Laboratories Ltd),16052611000001100
28986611000001105,Furosemide 20mg tablets (Crescent Pharma Ltd),28986611000001105
23909911000001105,Furosemide 20mg tablets (DE Pharmaceuticals),23909911000001105
35994811000001108,Furosemide 20mg tablets (Ennogen Pharma Ltd),35994811000001108
38619211000001100,Furosemide 20mg tablets (Genesis Pharmaceuticals Ltd),38619211000001100
503711000001106,Furosemide 20mg tablets (Kent Pharmaceuticals Ltd),503711000001106
30133711000001103,Furosemide 20mg tablets (Mawdsley-Brooks & Company Ltd),30133711000001103
229711000001109,Furosemide 20mg tablets (Mylan),229711000001109
17911411000001106,Furosemide 20mg tablets (Phoenix Healthcare Distribution Ltd),17911411000001106
8751011000001109,Furosemide 20mg tablets (Ranbaxy (UK) Ltd),8751011000001109
662811000001104,Furosemide 20mg tablets (Sandoz Ltd),662811000001104
15089311000001105,Furosemide 20mg tablets (Sigma Pharmaceuticals Plc),15089311000001105
37058211000001104,Furosemide 20mg tablets (Sovereign Medical Ltd),37058211000001104
17211000001105,Furosemide 20mg tablets (Teva UK Ltd),17211000001105
22018711000001104,Furosemide 20mg tablets (Waymade Healthcare Plc),22018711000001104
539911000001101,Furosemide 20mg tablets (Wockhardt UK Ltd),539911000001101
36061411000001102,Furosemide 20mg/2ml solution for injection ampoules,36061411000001102
725611000001107,Furosemide 20mg/2ml solution for injection ampoules (A A H Pharmaceuticals Ltd),725611000001107
30786611000001101,Furosemide 20mg/2ml solution for injection ampoules (Accord Healthcare Ltd),30786611000001101
10684211000001100,Furosemide 20mg/2ml solution for injection ampoules (Advanz Pharma),10684211000001100
120011000001102,Furosemide 20mg/2ml solution for injection ampoules (Alliance Healthcare (Distribution) Ltd),120011000001102
5088111000001102,Furosemide 20mg/2ml solution for injection ampoules (Hameln Pharmaceuticals Ltd),5088111000001102
633511000001100,Furosemide 20mg/2ml solution for injection ampoules (Martindale Pharmaceuticals Ltd),633511000001100
34536911000001101,Furosemide 20mg/2ml solution for injection ampoules (Peckforton Pharmaceuticals Ltd),34536911000001101
20162111000001103,Furosemide 20mg/2ml solution for injection ampoules (Wockhardt UK Ltd),20162111000001103
13938811000001104,Furosemide 20mg/2ml solution for injection vials,13938811000001104
13938611000001103,Furosemide 20mg/2ml solution for injection vials (Wockhardt UK Ltd),13938611000001103
12036211000001104,Furosemide 20mg/5ml oral solution,12036211000001104
12015811000001104,Furosemide 20mg/5ml oral solution (Special Order),12015811000001104
13138501000001102,Furosemide 20mg/5ml oral solution sugar free,13138501000001102
318006003,Furosemide 20mg/5ml oral solution sugar free,318006003
10213511000001100,Furosemide 20mg/5ml oral solution sugar free (A A H Pharmaceuticals Ltd),10213511000001100
10305611000001106,Furosemide 20mg/5ml oral solution sugar free (Advanz Pharma),10305611000001106
10272011000001107,Furosemide 20mg/5ml oral solution sugar free (Alliance Healthcare (Distribution) Ltd),10272011000001107
23981811000001100,Furosemide 20mg/5ml oral solution sugar free (DE Pharmaceuticals),23981811000001100
13621711000001103,Furosemide 20mg/5ml oral solution sugar free (Pinewood Healthcare),13621711000001103
18706311000001105,Furosemide 20mg/5ml oral solution sugar free (Sigma Pharmaceuticals Plc),18706311000001105
10828311000001102,Furosemide 20mg/5ml oral solution sugar free (Teva UK Ltd),10828311000001102
30802911000001109,Furosemide 20mg/5ml oral solution sugar free (Thame Laboratories Ltd),30802911000001109
22018311000001103,Furosemide 20mg/5ml oral solution sugar free (Waymade Healthcare Plc),22018311000001103
12036311000001107,Furosemide 20mg/5ml oral suspension,12036311000001107
12013411000001100,Furosemide 20mg/5ml oral suspension (Special Order),12013411000001100
34193711000001108,Furosemide 250mg/25ml solution for injection ampoules,34193711000001108
606211000001100,Furosemide 250mg/25ml solution for injection ampoules (A A H Pharmaceuticals Ltd),606211000001100
10684511000001102,Furosemide 250mg/25ml solution for injection ampoules (Advanz Pharma),10684511000001102
504311000001109,Furosemide 250mg/25ml solution for injection ampoules (Alliance Healthcare (Distribution) Ltd),504311000001109
5089011000001108,Furosemide 250mg/25ml solution for injection ampoules (Hameln Pharmaceuticals Ltd),5089011000001108
11026211000001100,Furosemide 250mg/25ml solution for injection ampoules (Wockhardt UK Ltd),11026211000001100
20419111000001107,Furosemide 250mg/25ml solution for injection vials,20419111000001107
20394211000001109,Furosemide 250mg/25ml solution for injection vials (Wockhardt UK Ltd),20394211000001109
12036411000001100,Furosemide 250mg/5ml oral solution,12036411000001100
12018611000001109,Furosemide 250mg/5ml oral solution (Special Order),12018611000001109
12036511000001101,Furosemide 250mg/5ml oral suspension,12036511000001101
12017811000001109,Furosemide 250mg/5ml oral suspension (Special Order),12017811000001109
12036611000001102,Furosemide 25mg/5ml oral solution,12036611000001102
12025211000001107,Furosemide 25mg/5ml oral solution (Special Order),12025211000001107
12036711000001106,Furosemide 25mg/5ml oral suspension,12036711000001106
12023411000001107,Furosemide 25mg/5ml oral suspension (Special Order),12023411000001107
12036811000001103,Furosemide 2mg/5ml oral solution,12036811000001103
12029111000001104,Furosemide 2mg/5ml oral solution (Special Order),12029111000001104
12036911000001108,Furosemide 2mg/5ml oral suspension,12036911000001108
12026911000001105,Furosemide 2mg/5ml oral suspension (Special Order),12026911000001105
12037011000001107,Furosemide 3.4mg/5ml oral solution,12037011000001107
12032511000001102,Furosemide 3.4mg/5ml oral solution (Special Order),12032511000001102
12037211000001102,Furosemide 3.4mg/5ml oral suspension,12037211000001102
12031211000001107,Furosemide 3.4mg/5ml oral suspension (Special Order),12031211000001107
12086511000001106,Furosemide 30mg/5ml oral solution,12086511000001106
12039411000001107,Furosemide 30mg/5ml oral solution (Special Order),12039411000001107
12086611000001105,Furosemide 30mg/5ml oral suspension,12086611000001105
12038711000001105,Furosemide 30mg/5ml oral suspension (Special Order),12038711000001105
12086711000001101,Furosemide 330mg/5ml oral solution,12086711000001101
12041011000001101,Furosemide 330mg/5ml oral solution (Special Order),12041011000001101
12086811000001109,Furosemide 330mg/5ml oral suspension,12086811000001109
12040211000001100,Furosemide 330mg/5ml oral suspension (Special Order),12040211000001100
12086911000001104,Furosemide 35mg/5ml oral solution,12086911000001104
12042511000001101,Furosemide 35mg/5ml oral solution (Special Order),12042511000001101
12087011000001100,Furosemide 35mg/5ml oral suspension,12087011000001100
12041911000001102,Furosemide 35mg/5ml oral suspension (Special Order),12041911000001102
12087111000001104,Furosemide 37.5mg/5ml oral solution,12087111000001104
12044311000001100,Furosemide 37.5mg/5ml oral solution (Special Order),12044311000001100
12087211000001105,Furosemide 37.5mg/5ml oral suspension,12087211000001105
12043111000001104,Furosemide 37.5mg/5ml oral suspension (Special Order),12043111000001104
12087311000001102,Furosemide 3mg/5ml oral solution,12087311000001102
12045511000001107,Furosemide 3mg/5ml oral solution (Special Order),12045511000001107
12087411000001109,Furosemide 3mg/5ml oral suspension,12087411000001109
12044911000001104,Furosemide 3mg/5ml oral suspension (Special Order),12044911000001104
766478005,Furosemide 4 mg/mL oral solution,766478005
12087511000001108,Furosemide 4.5mg/5ml oral solution,12087511000001108
12047111000001107,Furosemide 4.5mg/5ml oral solution (Special Order),12047111000001107
12087611000001107,Furosemide 4.5mg/5ml oral suspension,12087611000001107
12046511000001100,Furosemide 4.5mg/5ml oral suspension (Special Order),12046511000001100
4557711000001102,Furosemide 40mg / Potassium chloride 600mg (potassium 8mmol) modified-release tablets,4557711000001102
317972000,Furosemide 40mg tablets,317972000
100611000001101,Furosemide 40mg tablets (A A H Pharmaceuticals Ltd),100611000001101
18461911000001109,Furosemide 40mg tablets (Accord Healthcare Ltd),18461911000001109
351511000001105,Furosemide 40mg tablets (Actavis UK Ltd),351511000001105
19309711000001101,Furosemide 40mg tablets (Advanz Pharma),19309711000001101
139011000001107,Furosemide 40mg tablets (Alliance Healthcare (Distribution) Ltd),139011000001107
9801311000001103,Furosemide 40mg tablets (Almus Pharmaceuticals Ltd),9801311000001103
10429011000001100,Furosemide 40mg tablets (Arrow Generics Ltd),10429011000001100
14788811000001100,Furosemide 40mg tablets (Boston Healthcare Ltd),14788811000001100
16052911000001106,Furosemide 40mg tablets (Bristol Laboratories Ltd),16052911000001106
28986811000001109,Furosemide 40mg tablets (Crescent Pharma Ltd),28986811000001109
23910211000001105,Furosemide 40mg tablets (DE Pharmaceuticals),23910211000001105
36105711000001104,Furosemide 40mg tablets (Ennogen Pharma Ltd),36105711000001104
856211000001101,Furosemide 40mg tablets (IVAX Pharmaceuticals UK Ltd),856211000001101
765411000001103,Furosemide 40mg tablets (Kent Pharmaceuticals Ltd),765411000001103
30133911000001101,Furosemide 40mg tablets (Mawdsley-Brooks & Company Ltd),30133911000001101
147711000001102,Furosemide 40mg tablets (Mylan),147711000001102
17911611000001109,Furosemide 40mg tablets (Phoenix Healthcare Distribution Ltd),17911611000001109
8751711000001106,Furosemide 40mg tablets (Ranbaxy (UK) Ltd),8751711000001106
864611000001104,Furosemide 40mg tablets (Sandoz Ltd),864611000001104
29867711000001105,Furosemide 40mg tablets (Sigma Pharmaceuticals Plc),29867711000001105
37058411000001100,Furosemide 40mg tablets (Sovereign Medical Ltd),37058411000001100
472211000001108,Furosemide 40mg tablets (Teva UK Ltd),472211000001108
22018911000001102,Furosemide 40mg tablets (Waymade Healthcare Plc),22018911000001102
445111000001108,Furosemide 40mg tablets (Wockhardt UK Ltd),445111000001108
12087711000001103,Furosemide 40mg/5ml oral solution,12087711000001103
12047911000001105,Furosemide 40mg/5ml oral solution (Special Order),12047911000001105
13138601000001103,Furosemide 40mg/5ml oral solution sugar free,13138601000001103
318007007,Furosemide 40mg/5ml oral solution sugar free,318007007
10214011000001105,Furosemide 40mg/5ml oral solution sugar free (A A H Pharmaceuticals Ltd),10214011000001105
10305811000001105,Furosemide 40mg/5ml oral solution sugar free (Advanz Pharma),10305811000001105
10272211000001102,Furosemide 40mg/5ml oral solution sugar free (Alliance Healthcare (Distribution) Ltd),10272211000001102
23982011000001103,Furosemide 40mg/5ml oral solution sugar free (DE Pharmaceuticals),23982011000001103
539111000001104,Furosemide 40mg/5ml oral solution sugar free (Kent Pharmaceuticals Ltd),539111000001104
13621911000001101,Furosemide 40mg/5ml oral solution sugar free (Pinewood Healthcare),13621911000001101
18706911000001106,Furosemide 40mg/5ml oral solution sugar free (Sigma Pharmaceuticals Plc),18706911000001106
10736611000001106,Furosemide 40mg/5ml oral solution sugar free (Teva UK Ltd),10736611000001106
30803411000001105,Furosemide 40mg/5ml oral solution sugar free (Thame Laboratories Ltd),30803411000001105
22018511000001109,Furosemide 40mg/5ml oral solution sugar free (Waymade Healthcare Plc),22018511000001109
12087811000001106,Furosemide 40mg/5ml oral suspension,12087811000001106
12047611000001104,Furosemide 40mg/5ml oral suspension (Special Order),12047611000001104
8519911000001102,Furosemide 4mg/5ml oral solution,8519911000001102
8491711000001105,Furosemide 4mg/5ml oral solution (Special Order),8491711000001105
8520011000001100,Furosemide 4mg/5ml oral suspension,8520011000001100
8492711000001103,Furosemide 4mg/5ml oral suspension (Special Order),8492711000001103
769768007,Furosemide 50 mg/5 mL solution for injection ampoule,769768007
317973005,Furosemide 500mg tablets,317973005
119611000001105,Furosemide 500mg tablets (A A H Pharmaceuticals Ltd),119611000001105
822211000001103,Furosemide 500mg tablets (Actavis UK Ltd),822211000001103
19309911000001104,Furosemide 500mg tablets (Advanz Pharma),19309911000001104
305311000001105,Furosemide 500mg tablets (Alliance Healthcare (Distribution) Ltd),305311000001105
23910911000001101,Furosemide 500mg tablets (DE Pharmaceuticals),23910911000001101
22780211000001108,Furosemide 500mg tablets (Ennogen Healthcare Ltd),22780211000001108
356211000001104,Furosemide 500mg tablets (Kent Pharmaceuticals Ltd),356211000001104
24658711000001109,Furosemide 500mg tablets (Mawdsley-Brooks & Company Ltd),24658711000001109
28126611000001102,Furosemide 500mg tablets (Pharma-z Ltd),28126611000001102
17911811000001108,Furosemide 500mg tablets (Phoenix Healthcare Distribution Ltd),17911811000001108
24654511000001106,Furosemide 500mg tablets (Sigma Pharmaceuticals Plc),24654511000001106
752711000001106,Furosemide 500mg tablets (Teva UK Ltd),752711000001106
12087911000001101,Furosemide 500mg/5ml oral solution,12087911000001101
12049511000001105,Furosemide 500mg/5ml oral solution (Special Order),12049511000001105
12088011000001104,Furosemide 500mg/5ml oral suspension,12088011000001104
12049111000001101,Furosemide 500mg/5ml oral suspension (Special Order),12049111000001101
12088111000001103,Furosemide 50mg/5ml oral solution,12088111000001103
12050911000001106,Furosemide 50mg/5ml oral solution (Special Order),12050911000001106
36564411000001102,Furosemide 50mg/5ml oral solution sugar free,36564411000001102
10214511000001102,Furosemide 50mg/5ml oral solution sugar free (A A H Pharmaceuticals Ltd),10214511000001102
10309111000001101,Furosemide 50mg/5ml oral solution sugar free (Advanz Pharma),10309111000001101
10272411000001103,Furosemide 50mg/5ml oral solution sugar free (Alliance Healthcare (Distribution) Ltd),10272411000001103
23982211000001108,Furosemide 50mg/5ml oral solution sugar free (DE Pharmaceuticals),23982211000001108
13622111000001109,Furosemide 50mg/5ml oral solution sugar free (Pinewood Healthcare),13622111000001109
18716211000001100,Furosemide 50mg/5ml oral solution sugar free (Sigma Pharmaceuticals Plc),18716211000001100
10736811000001105,Furosemide 50mg/5ml oral solution sugar free (Teva UK Ltd),10736811000001105
30803911000001102,Furosemide 50mg/5ml oral solution sugar free (Thame Laboratories Ltd),30803911000001102
12088211000001109,Furosemide 50mg/5ml oral suspension,12088211000001109
12050311000001105,Furosemide 50mg/5ml oral suspension (Special Order),12050311000001105
36061511000001103,Furosemide 50mg/5ml solution for injection ampoules,36061511000001103
38311000001108,Furosemide 50mg/5ml solution for injection ampoules (A A H Pharmaceuticals Ltd),38311000001108
34943511000001106,Furosemide 50mg/5ml solution for injection ampoules (Accord Healthcare Ltd),34943511000001106
10684811000001104,Furosemide 50mg/5ml solution for injection ampoules (Advanz Pharma),10684811000001104
261011000001100,Furosemide 50mg/5ml solution for injection ampoules (Alliance Healthcare (Distribution) Ltd),261011000001100
5088711000001101,Furosemide 50mg/5ml solution for injection ampoules (Hameln Pharmaceuticals Ltd),5088711000001101
140111000001104,Furosemide 50mg/5ml solution for injection ampoules (Martindale Pharmaceuticals Ltd),140111000001104
34537111000001101,Furosemide 50mg/5ml solution for injection ampoules (Peckforton Pharmaceuticals Ltd),34537111000001101
24424711000001100,Furosemide 50micrograms/dose nasal spray,24424711000001100
24425211000001108,Furosemide 50micrograms/dose nasal spray (Special Order),24425211000001108
13893411000001108,Furosemide 5mg/5ml oral solution,13893411000001108
13880711000001105,Furosemide 5mg/5ml oral solution (Special Order),13880711000001105
318010000,Furosemide 5mg/5ml oral solution sugar free,318010000
29744111000001106,Furosemide 5mg/5ml oral solution sugar free (Special Order),29744111000001106
13893511000001107,Furosemide 5mg/5ml oral suspension,13893511000001107
13881511000001107,Furosemide 5mg/5ml oral suspension (Special Order),13881511000001107
12088311000001101,Furosemide 6.5mg/5ml oral solution,12088311000001101
12052311000001109,Furosemide 6.5mg/5ml oral solution (Special Order),12052311000001109
12088411000001108,Furosemide 6.5mg/5ml oral suspension,12088411000001108
12051711000001101,Furosemide 6.5mg/5ml oral suspension (Special Order),12051711000001101
12088511000001107,Furosemide 60mg/5ml oral solution,12088511000001107
12053911000001103,Furosemide 60mg/5ml oral solution (Special Order),12053911000001103
12088611000001106,Furosemide 60mg/5ml oral suspension,12088611000001106
12053611000001109,Furosemide 60mg/5ml oral suspension (Special Order),12053611000001109
766479002,Furosemide 8 mg/mL oral solution,766479002
395510001,Furosemide 80 mg oral tablet,395510001
769769004,Furosemide 80 mg/8 mL solution for injection syringe,769769004
12088711000001102,Furosemide 80mg/5ml oral solution,12088711000001102
12062811000001105,Furosemide 80mg/5ml oral solution (Special Order),12062811000001105
12088811000001105,Furosemide 80mg/5ml oral suspension,12088811000001105
12062511000001107,Furosemide 80mg/5ml oral suspension (Special Order),12062511000001107
2898811000001106,Furosemide 80mg/8ml solution for injection Minijet pre-filled syringes (UCB Pharma Ltd),2898811000001106
36061611000001104,Furosemide 80mg/8ml solution for injection pre-filled syringes,36061611000001104
7383311000001106,Furosemide 80mg/8ml solution for injection pre-filled syringes (A A H Pharmaceuticals Ltd),7383311000001106
12088911000001100,Furosemide 8mg/5ml oral solution,12088911000001100
12063111000001109,Furosemide 8mg/5ml oral solution (Special Order),12063111000001109
12089011000001109,Furosemide 8mg/5ml oral suspension,12089011000001109
12063411000001104,Furosemide 8mg/5ml oral suspension (Special Order),12063411000001104
398668007,Furosemide and potassium,398668007
768416005,Furosemide and triamterene in oral dosage form,768416005
350612007,Furosemide in oral dosage form,350612007
350613002,Furosemide in parenteral dosage form,350613002
398688006,Hydrochlorothiazide + spironolactone,398688006
377483004,Hydrochlorothiazide 25 mg and spironolactone 25 mg oral tablet,377483004
395514005,Hydrochlorothiazide 50 mg and spironolactone 50 mg oral tablet,395514005
768704000,Hydroflumethiazide and spironolactone in oral dosage form,768704000
18585811000001106,Inspra 25mg tablets (DE Pharmaceuticals),18585811000001106
16524311000001101,Inspra 25mg tablets (Mawdsley-Brooks & Company Ltd),16524311000001101
8477211000001104,Inspra 25mg tablets (Pfizer Ltd),8477211000001104
17566811000001105,Inspra 25mg tablets (Sigma Pharmaceuticals Plc),17566811000001105
17193111000001101,Inspra 25mg tablets (Waymade Healthcare Plc),17193111000001101
18586011000001109,Inspra 50mg tablets (DE Pharmaceuticals),18586011000001109
16524711000001102,Inspra 50mg tablets (Mawdsley-Brooks & Company Ltd),16524711000001102
8479811000001106,Inspra 50mg tablets (Pfizer Ltd),8479811000001106
17567011000001101,Inspra 50mg tablets (Sigma Pharmaceuticals Plc),17567011000001101
17193311000001104,Inspra 50mg tablets (Waymade Healthcare Plc),17193311000001104
304011000001108,Komil 5mg/40mg tablets (Mercury Pharma Group Ltd),304011000001108
3704811000001105,Lasikal modified-release tablets (Borg Medicare),3704811000001105
13169911000001105,Lasilactone 20mg/50mg capsules (Dowelhurst Ltd),13169911000001105
16196811000001103,Lasilactone 20mg/50mg capsules (Lexon (UK) Ltd),16196811000001103
16538311000001109,Lasilactone 20mg/50mg capsules (Mawdsley-Brooks & Company Ltd),16538311000001109
3645811000001107,Lasilactone 20mg/50mg capsules (Sanofi),3645811000001107
14764311000001102,Lasilactone 20mg/50mg capsules (Sigma Pharmaceuticals Plc),14764311000001102
11030911000001109,Lasilactone 20mg/50mg capsules (Waymade Healthcare Plc),11030911000001109
701611000001102,Lasix 20mg tablets (Borg Medicare),701611000001102
9611000001104,Lasix 20mg/2ml solution for injection ampoules (Sanofi),9611000001104
79411000001107,Lasix 40mg tablets (Sanofi),79411000001107
829911000001102,Lasix 500mg tablets (Sanofi),829911000001102
701111000001105,Lasix 5mg/5ml oral solution (Borg Medicare),701111000001105
678511000001106,Lasoride 5mg/40mg tablets (Sanofi),678511000001106
375611000001109,Metenix 5mg tablets (Sanofi),375611000001109
375745003,Metolazone 0.5 mg oral tablet,375745003
13005511000001105,Metolazone 1.25mg/5ml oral solution,13005511000001105
12950711000001104,Metolazone 1.25mg/5ml oral solution (Special Order),12950711000001104
13005611000001109,Metolazone 1.25mg/5ml oral suspension,13005611000001109
12950411000001105,Metolazone 1.25mg/5ml oral suspension (Special Order),12950411000001105
375111002,Metolazone 10 mg oral tablet,375111002
13005711000001100,Metolazone 1mg/5ml oral solution,13005711000001100
12951311000001108,Metolazone 1mg/5ml oral solution (Special Order),12951311000001108
13005811000001108,Metolazone 1mg/5ml oral suspension,13005811000001108
12951011000001105,Metolazone 1mg/5ml oral suspension (Special Order),12951011000001105
374173002,Metolazone 2.5mg tablets,374173002
24502011000001107,Metolazone 2.5mg tablets (Special Order),24502011000001107
13005911000001103,Metolazone 2.5mg/5ml oral solution,13005911000001103
12952111000001101,Metolazone 2.5mg/5ml oral solution (Special Order),12952111000001101
13006011000001106,Metolazone 2.5mg/5ml oral suspension,13006011000001106
12951611000001103,Metolazone 2.5mg/5ml oral suspension (Special Order),12951611000001103
13006111000001107,Metolazone 500micrograms/5ml oral solution,13006111000001107
12952711000001100,Metolazone 500micrograms/5ml oral solution (Special Order),12952711000001100
13006211000001101,Metolazone 500micrograms/5ml oral suspension,13006211000001101
12952411000001106,Metolazone 500micrograms/5ml oral suspension (Special Order),12952411000001106
317965001,Metolazone 5mg tablets,317965001
24502311000001105,Metolazone 5mg tablets (Special Order),24502311000001105
13006311000001109,Metolazone 5mg/5ml oral solution,13006311000001109
12953511000001103,Metolazone 5mg/5ml oral solution (Special Order),12953511000001103
13006411000001102,Metolazone 5mg/5ml oral suspension,13006411000001102
12953211000001101,Metolazone 5mg/5ml oral suspension (Special Order),12953211000001101
768359004,Metolazone in oral dosage form,768359004
766573003,Spironolactone 1 mg/mL oral suspension,766573003
13325011000001109,Spironolactone 1.25mg/5ml oral solution,13325011000001109
13317111000001109,Spironolactone 1.25mg/5ml oral solution (Special Order),13317111000001109
13325111000001105,Spironolactone 1.25mg/5ml oral suspension,13325111000001105
13316811000001104,Spironolactone 1.25mg/5ml oral suspension (Special Order),13316811000001104
766572008,Spironolactone 10 mg/mL oral suspension,766572008
318058009,Spironolactone 100mg tablets,318058009
670811000001106,Spironolactone 100mg tablets (A A H Pharmaceuticals Ltd),670811000001106
34941711000001102,Spironolactone 100mg tablets (Accord Healthcare Ltd),34941711000001102
38611000001103,Spironolactone 100mg tablets (Actavis UK Ltd),38611000001103
333811000001106,Spironolactone 100mg tablets (Alliance Healthcare (Distribution) Ltd),333811000001106
9802811000001103,Spironolactone 100mg tablets (Almus Pharmaceuticals Ltd),9802811000001103
24390711000001105,Spironolactone 100mg tablets (Bristol Laboratories Ltd),24390711000001105
30117411000001106,Spironolactone 100mg tablets (DE Pharmaceuticals),30117411000001106
11010711000001101,Spironolactone 100mg tablets (Dr Reddy's Laboratories (UK) Ltd),11010711000001101
20327011000001102,Spironolactone 100mg tablets (Genesis Pharmaceuticals Ltd),20327011000001102
874911000001104,Spironolactone 100mg tablets (IVAX Pharmaceuticals UK Ltd),874911000001104
840311000001109,Spironolactone 100mg tablets (Kent Pharmaceuticals Ltd),840311000001109
35597011000001102,Spironolactone 100mg tablets (NorthStar Healthcare Unlimited Company),35597011000001102
610611000001103,Spironolactone 100mg tablets (Teva UK Ltd),610611000001103
21902011000001108,Spironolactone 100mg tablets (Waymade Healthcare Plc),21902011000001108
13894611000001109,Spironolactone 100mg/5ml oral solution,13894611000001109
13889311000001102,Spironolactone 100mg/5ml oral solution (Special Order),13889311000001102
8727611000001105,Spironolactone 100mg/5ml oral suspension,8727611000001105
8706411000001104,Spironolactone 100mg/5ml oral suspension (Drug Tariff Special Order),8706411000001104
11613511000001107,Spironolactone 100mg/5ml oral suspension sugar free,11613511000001107
16129611000001104,Spironolactone 10mg / Chlorothiazide 100mg capsules,16129611000001104
16127911000001103,Spironolactone 10mg / Chlorothiazide 100mg capsules (Special Order),16127911000001103
12423911000001107,Spironolactone 10mg/5ml / Chlorothiazide 100mg/5ml oral solution,12423911000001107
12414811000001106,Spironolactone 10mg/5ml / Chlorothiazide 100mg/5ml oral solution (Special Order),12414811000001106
12424011000001105,Spironolactone 10mg/5ml / Chlorothiazide 100mg/5ml oral suspension,12424011000001105
12408511000001103,Spironolactone 10mg/5ml / Chlorothiazide 100mg/5ml oral suspension (Special Order),12408511000001103
12424511000001102,Spironolactone 10mg/5ml / Chlorothiazide 250mg/5ml oral solution,12424511000001102
12420211000001108,Spironolactone 10mg/5ml / Chlorothiazide 250mg/5ml oral solution (Special Order),12420211000001108
12424611000001103,Spironolactone 10mg/5ml / Chlorothiazide 250mg/5ml oral suspension,12424611000001103
12419911000001100,Spironolactone 10mg/5ml / Chlorothiazide 250mg/5ml oral suspension (Special Order),12419911000001100
13894711000001100,Spironolactone 10mg/5ml oral solution,13894711000001100
13888011000001105,Spironolactone 10mg/5ml oral solution (Special Order),13888011000001105
8727311000001100,Spironolactone 10mg/5ml oral suspension,8727311000001100
8706711000001105,Spironolactone 10mg/5ml oral suspension (Drug Tariff Special Order),8706711000001105
318077006,Spironolactone 10mg/5ml oral suspension sugar free,318077006
13325211000001104,Spironolactone 12.5mg/5ml oral solution,13325211000001104
13318411000001100,Spironolactone 12.5mg/5ml oral solution (Special Order),13318411000001100
13325311000001107,Spironolactone 12.5mg/5ml oral suspension,13325311000001107
13317711000001105,Spironolactone 12.5mg/5ml oral suspension (Special Order),13317711000001105
13325411000001100,Spironolactone 125mg/5ml oral solution,13325411000001100
13320111000001102,Spironolactone 125mg/5ml oral solution (Special Order),13320111000001102
13325511000001101,Spironolactone 125mg/5ml oral suspension,13325511000001101
13319511000001107,Spironolactone 125mg/5ml oral suspension (Special Order),13319511000001107
13325611000001102,Spironolactone 12mg/5ml oral solution,13325611000001102
13320711000001101,Spironolactone 12mg/5ml oral solution (Special Order),13320711000001101
13325711000001106,Spironolactone 12mg/5ml oral suspension,13325711000001106
13320411000001107,Spironolactone 12mg/5ml oral suspension (Special Order),13320411000001107
13325811000001103,Spironolactone 13.5mg/5ml oral solution,13325811000001103
13321411000001103,Spironolactone 13.5mg/5ml oral solution (Special Order),13321411000001103
13325911000001108,Spironolactone 13.5mg/5ml oral suspension,13325911000001108
13321111000001108,Spironolactone 13.5mg/5ml oral suspension (Special Order),13321111000001108
8727011000001103,Spironolactone 15mg/5ml oral suspension,8727011000001103
8706111000001109,Spironolactone 15mg/5ml oral suspension (Special Order),8706111000001109
28882011000001105,Spironolactone 16mg / Chlorothiazide 160mg capsules,28882011000001105
28875111000001105,Spironolactone 16mg / Chlorothiazide 160mg capsules (Special Order),28875111000001105
8792111000001107,Spironolactone 1mg / Chlorothiazide 10mg capsules,8792111000001107
8746211000001109,Spironolactone 1mg / Chlorothiazide 10mg capsules (Special Order),8746211000001109
8816211000001103,Spironolactone 1mg / Chlorothiazide 10mg oral powder sachets,8816211000001103
8808011000001109,Spironolactone 1mg / Chlorothiazide 10mg oral powder sachets (Special Order),8808011000001109
766570000,Spironolactone 2 mg/mL oral suspension,766570000
13326011000001100,Spironolactone 2.5mg/5ml oral solution,13326011000001100
13322011000001104,Spironolactone 2.5mg/5ml oral solution (Special Order),13322011000001104
13326111000001104,Spironolactone 2.5mg/5ml oral suspension,13326111000001104
13321711000001109,Spironolactone 2.5mg/5ml oral suspension (Special Order),13321711000001109
13326211000001105,Spironolactone 200mg/5ml oral solution,13326211000001105
13322911000001100,Spironolactone 200mg/5ml oral solution (Special Order),13322911000001100
13326311000001102,Spironolactone 200mg/5ml oral suspension,13326311000001102
13322411000001108,Spironolactone 200mg/5ml oral suspension (Special Order),13322411000001108
12424211000001100,Spironolactone 20mg/5ml / Chlorothiazide 200mg/5ml oral solution,12424211000001100
12419011000001104,Spironolactone 20mg/5ml / Chlorothiazide 200mg/5ml oral solution (Special Order),12419011000001104
12424311000001108,Spironolactone 20mg/5ml / Chlorothiazide 200mg/5ml oral suspension,12424311000001108
12417511000001100,Spironolactone 20mg/5ml / Chlorothiazide 200mg/5ml oral suspension (Special Order),12417511000001100
13326411000001109,Spironolactone 20mg/5ml oral solution,13326411000001109
13323511000001100,Spironolactone 20mg/5ml oral solution (Special Order),13323511000001100
13326511000001108,Spironolactone 20mg/5ml oral suspension,13326511000001108
13323211000001103,Spironolactone 20mg/5ml oral suspension (Special Order),13323211000001103
13353511000001101,Spironolactone 250mg/5ml oral solution,13353511000001101
13336611000001109,Spironolactone 250mg/5ml oral solution (Special Order),13336611000001109
13353611000001102,Spironolactone 250mg/5ml oral suspension,13353611000001102
13336011000001102,Spironolactone 250mg/5ml oral suspension (Special Order),13336011000001102
318056008,Spironolactone 25mg tablets,318056008
63111000001106,Spironolactone 25mg tablets (A A H Pharmaceuticals Ltd),63111000001106
34937811000001104,Spironolactone 25mg tablets (Accord Healthcare Ltd),34937811000001104
672411000001105,Spironolactone 25mg tablets (Actavis UK Ltd),672411000001105
508011000001102,Spironolactone 25mg tablets (Alliance Healthcare (Distribution) Ltd),508011000001102
9803611000001107,Spironolactone 25mg tablets (Almus Pharmaceuticals Ltd),9803611000001107
24390911000001107,Spironolactone 25mg tablets (Bristol Laboratories Ltd),24390911000001107
13583411000001106,Spironolactone 25mg tablets (DE Pharmaceuticals),13583411000001106
11010911000001104,Spironolactone 25mg tablets (Dr Reddy's Laboratories (UK) Ltd),11010911000001104
20326811000001106,Spironolactone 25mg tablets (Genesis Pharmaceuticals Ltd),20326811000001106
474611000001102,Spironolactone 25mg tablets (IVAX Pharmaceuticals UK Ltd),474611000001102
235211000001102,Spironolactone 25mg tablets (Kent Pharmaceuticals Ltd),235211000001102
35598911000001102,Spironolactone 25mg tablets (NorthStar Healthcare Unlimited Company),35598911000001102
17801111000001105,Spironolactone 25mg tablets (Phoenix Healthcare Distribution Ltd),17801111000001105
82311000001101,Spironolactone 25mg tablets (Teva UK Ltd),82311000001101
21901811000001106,Spironolactone 25mg tablets (Waymade Healthcare Plc),21901811000001106
13894811000001108,Spironolactone 25mg/5ml oral solution,13894811000001108
13888711000001107,Spironolactone 25mg/5ml oral solution (Special Order),13888711000001107
8726511000001109,Spironolactone 25mg/5ml oral suspension,8726511000001109
8707011000001106,Spironolactone 25mg/5ml oral suspension (Drug Tariff Special Order),8707011000001106
318078001,Spironolactone 25mg/5ml oral suspension sugar free,318078001
13353711000001106,Spironolactone 2mg/5ml oral solution,13353711000001106
13340511000001109,Spironolactone 2mg/5ml oral solution (Special Order),13340511000001109
13353811000001103,Spironolactone 2mg/5ml oral suspension,13353811000001103
13339211000001103,Spironolactone 2mg/5ml oral suspension (Special Order),13339211000001103
13353911000001108,Spironolactone 3.3mg/5ml oral solution,13353911000001108
13348011000001104,Spironolactone 3.3mg/5ml oral solution (Special Order),13348011000001104
13354011000001106,Spironolactone 3.3mg/5ml oral suspension,13354011000001106
13347411000001109,Spironolactone 3.3mg/5ml oral suspension (Special Order),13347411000001109
13354111000001107,Spironolactone 3.5mg/5ml oral solution,13354111000001107
13349211000001104,Spironolactone 3.5mg/5ml oral solution (Special Order),13349211000001104
13354211000001101,Spironolactone 3.5mg/5ml oral suspension,13354211000001101
13348711000001102,Spironolactone 3.5mg/5ml oral suspension (Special Order),13348711000001102
13354311000001109,Spironolactone 30mg/5ml oral solution,13354311000001109
13350411000001108,Spironolactone 30mg/5ml oral solution (Special Order),13350411000001108
13354411000001102,Spironolactone 30mg/5ml oral suspension,13354411000001102
13349911000001108,Spironolactone 30mg/5ml oral suspension (Special Order),13349911000001108
13354511000001103,Spironolactone 35mg/5ml oral solution,13354511000001103
13351011000001108,Spironolactone 35mg/5ml oral solution (Special Order),13351011000001108
13354611000001104,Spironolactone 35mg/5ml oral suspension,13354611000001104
13350711000001102,Spironolactone 35mg/5ml oral suspension (Special Order),13350711000001102
16072811000001103,Spironolactone 3mg / Chlorothiazide 30mg capsules,16072811000001103
16071911000001102,Spironolactone 3mg / Chlorothiazide 30mg capsules (Special Order),16071911000001102
13354711000001108,Spironolactone 3mg/5ml oral solution,13354711000001108
13351611000001101,Spironolactone 3mg/5ml oral solution (Special Order),13351611000001101
13354811000001100,Spironolactone 3mg/5ml oral suspension,13354811000001100
13351311000001106,Spironolactone 3mg/5ml oral suspension (Special Order),13351311000001106
13354911000001105,Spironolactone 4.5mg/5ml oral solution,13354911000001105
13355311000001108,Spironolactone 4.5mg/5ml oral solution (Special Order),13355311000001108
13355011000001105,Spironolactone 4.5mg/5ml oral suspension,13355011000001105
13352611000001107,Spironolactone 4.5mg/5ml oral suspension (Special Order),13352611000001107
13373911000001106,Spironolactone 40mg/5ml oral solution,13373911000001106
13358411000001106,Spironolactone 40mg/5ml oral solution (Special Order),13358411000001106
13374011000001109,Spironolactone 40mg/5ml oral suspension,13374011000001109
13356311000001103,Spironolactone 40mg/5ml oral suspension (Special Order),13356311000001103
18520511000001107,Spironolactone 4mg / Chlorothiazide 40mg capsules,18520511000001107
18515111000001101,Spironolactone 4mg / Chlorothiazide 40mg capsules (Special Order),18515111000001101
13374111000001105,Spironolactone 4mg/5ml oral solution,13374111000001105
13361211000001109,Spironolactone 4mg/5ml oral solution (Special Order),13361211000001109
13374211000001104,Spironolactone 4mg/5ml oral suspension,13374211000001104
13360811000001102,Spironolactone 4mg/5ml oral suspension (Special Order),13360811000001102
766571001,Spironolactone 5 mg/mL oral suspension,766571001
318102003,Spironolactone 50mg / Furosemide 20mg capsules,318102003
318057004,Spironolactone 50mg tablets,318057004
481811000001107,Spironolactone 50mg tablets (A A H Pharmaceuticals Ltd),481811000001107
34937611000001103,Spironolactone 50mg tablets (Accord Healthcare Ltd),34937611000001103
46011000001105,Spironolactone 50mg tablets (Actavis UK Ltd),46011000001105
481711000001104,Spironolactone 50mg tablets (Alliance Healthcare (Distribution) Ltd),481711000001104
9803311000001102,Spironolactone 50mg tablets (Almus Pharmaceuticals Ltd),9803311000001102
30117211000001107,Spironolactone 50mg tablets (DE Pharmaceuticals),30117211000001107
121211000001101,Spironolactone 50mg tablets (IVAX Pharmaceuticals UK Ltd),121211000001101
606411000001101,Spironolactone 50mg tablets (Kent Pharmaceuticals Ltd),606411000001101
30917011000001104,Spironolactone 50mg tablets (Mawdsley-Brooks & Company Ltd),30917011000001104
35597311000001104,Spironolactone 50mg tablets (NorthStar Healthcare Unlimited Company),35597311000001104
330511000001102,Spironolactone 50mg tablets (Teva UK Ltd),330511000001102
22453211000001103,Spironolactone 50mg tablets (Waymade Healthcare Plc),22453211000001103
13894911000001103,Spironolactone 50mg/5ml oral solution,13894911000001103
13889011000001100,Spironolactone 50mg/5ml oral solution (Special Order),13889011000001100
8726411000001105,Spironolactone 50mg/5ml oral suspension,8726411000001105
8705811000001105,Spironolactone 50mg/5ml oral suspension (Drug Tariff Special Order),8705811000001105
318079009,Spironolactone 50mg/5ml oral suspension sugar free,318079009
27810911000001102,Spironolactone 5mg / Chlorothiazide 50mg capsules,27810911000001102
27749111000001100,Spironolactone 5mg / Chlorothiazide 50mg capsules (Special Order),27749111000001100
12424711000001107,Spironolactone 5mg/5ml / Chlorothiazide 50mg/5ml oral solution,12424711000001107
12421611000001100,Spironolactone 5mg/5ml / Chlorothiazide 50mg/5ml oral solution (Special Order),12421611000001100
12424811000001104,Spironolactone 5mg/5ml / Chlorothiazide 50mg/5ml oral suspension,12424811000001104
12420511000001106,Spironolactone 5mg/5ml / Chlorothiazide 50mg/5ml oral suspension (Special Order),12420511000001106
13895011000001103,Spironolactone 5mg/5ml oral solution,13895011000001103
13887511000001101,Spironolactone 5mg/5ml oral solution (Special Order),13887511000001101
8726311000001103,Spironolactone 5mg/5ml oral suspension,8726311000001103
8707311000001109,Spironolactone 5mg/5ml oral suspension (Drug Tariff Special Order),8707311000001109
318076002,Spironolactone 5mg/5ml oral suspension sugar free,318076002
13374311000001107,Spironolactone 6.25mg/5ml oral solution,13374311000001107
13362811000001101,Spironolactone 6.25mg/5ml oral solution (Special Order),13362811000001101
13374411000001100,Spironolactone 6.25mg/5ml oral suspension,13374411000001100
13362011000001107,Spironolactone 6.25mg/5ml oral suspension (Special Order),13362011000001107
32880211000001105,Spironolactone 6mg / Chlorothiazide 60mg capsules,32880211000001105
32872611000001100,Spironolactone 6mg / Chlorothiazide 60mg capsules (Special Order),32872611000001100
13384711000001101,Spironolactone 6mg/5ml oral solution,13384711000001101
13380111000001106,Spironolactone 6mg/5ml oral solution (Special Order),13380111000001106
13384811000001109,Spironolactone 6mg/5ml oral suspension,13384811000001109
13379811000001104,Spironolactone 6mg/5ml oral suspension (Special Order),13379811000001104
13384911000001104,Spironolactone 7.5mg/5ml oral solution,13384911000001104
13380711000001107,Spironolactone 7.5mg/5ml oral solution (Special Order),13380711000001107
13385011000001104,Spironolactone 7.5mg/5ml oral suspension,13385011000001104
13380411000001101,Spironolactone 7.5mg/5ml oral suspension (Special Order),13380411000001101
13385111000001103,Spironolactone 75mg/5ml oral solution,13385111000001103
13381711000001104,Spironolactone 75mg/5ml oral solution (Special Order),13381711000001104
13385211000001109,Spironolactone 75mg/5ml oral suspension,13385211000001109
13381211000001106,Spironolactone 75mg/5ml oral suspension (Special Order),13381211000001106
13385311000001101,Spironolactone 7mg/5ml oral solution,13385311000001101
13382411000001100,Spironolactone 7mg/5ml oral solution (Special Order),13382411000001100
13385411000001108,Spironolactone 7mg/5ml oral suspension,13385411000001108
13382011000001109,Spironolactone 7mg/5ml oral suspension (Special Order),13382011000001109
13385511000001107,Spironolactone 8.3mg/5ml oral solution,13385511000001107
13383011000001100,Spironolactone 8.3mg/5ml oral solution (Special Order),13383011000001100
13385611000001106,Spironolactone 8.3mg/5ml oral suspension,13385611000001106
13382711000001106,Spironolactone 8.3mg/5ml oral suspension (Special Order),13382711000001106
13385711000001102,Spironolactone 8mg/5ml oral solution,13385711000001102
13383611000001107,Spironolactone 8mg/5ml oral solution (Special Order),13383611000001107
13385811000001105,Spironolactone 8mg/5ml oral suspension,13385811000001105
13383311000001102,Spironolactone 8mg/5ml oral suspension (Special Order),13383311000001102
714448001,Spironolactone in oral dosage form,714448001
3411000001104,Spirospare 100 tablets (Ashbourne Pharmaceuticals Ltd),3411000001104
16460311000001107,Timolol 10mg / Amiloride 2.5mg / Hydrochlorothiazide 25mg tablets,16460311000001107
16458411000001107,Timolol 10mg / Amiloride 2.5mg / Hydrochlorothiazide 25mg tablets (Essential Generics Ltd),16458411000001107
318042006,Torasemide 10mg tablets,318042006
5895511000001103,Torasemide 10mg tablets (A A H Pharmaceuticals Ltd),5895511000001103
5634511000001101,Torasemide 10mg tablets (Kent Pharmaceuticals Ltd),5634511000001101
11415011000001100,Torasemide 10mg tablets (PLIVA Pharma Ltd),11415011000001100
15231311000001106,Torasemide 10mg tablets (Sigma Pharmaceuticals Plc),15231311000001106
5592411000001106,Torasemide 10mg tablets (Teva UK Ltd),5592411000001106
318040003,Torasemide 2.5mg tablets,318040003
318041004,Torasemide 5mg tablets,318041004
5889911000001108,Torasemide 5mg tablets (A A H Pharmaceuticals Ltd),5889911000001108
30102211000001107,Torasemide 5mg tablets (DE Pharmaceuticals),30102211000001107
5634311000001107,Torasemide 5mg tablets (Kent Pharmaceuticals Ltd),5634311000001107
11415211000001105,Torasemide 5mg tablets (PLIVA Pharma Ltd),11415211000001105
15231511000001100,Torasemide 5mg tablets (Sigma Pharmaceuticals Plc),15231511000001100
5592211000001107,Torasemide 5mg tablets (Teva UK Ltd),5592211000001107
19620911000001105,Torem 10mg tablets (DE Pharmaceuticals),19620911000001105
16278411000001106,Torem 10mg tablets (Lexon (UK) Ltd),16278411000001106
3700811000001100,Torem 10mg tablets (Mylan),3700811000001100
28925411000001106,Torem 10mg tablets (Waymade Healthcare Plc),28925411000001106
3699711000001107,Torem 2.5mg tablets (Mylan),3699711000001107
3700311000001109,Torem 5mg tablets (Mylan),3700311000001109
327375009,Toremifene 60mg tablets,327375009
768482003,Toremifene in oral dosage form,768482003
375714002,Torsemide 100 mg oral tablet,375714002
375866003,Torsemide 10mg/mL injection solution ampoule,375866003
375711005,Torsemide 20 mg oral tablet,375711005
350614008,Torsemide in oral dosage form,350614008
350615009,Torsemide in parenteral dosage form,350615009
318098006,Triamterene 50mg / Benzthiazide 25mg capsules,318098006
318100006,Triamterene 50mg / Chlortalidone 50mg tablets,318100006
38020711000001102,Triamterene 50mg / Chlortalidone 50mg tablets (Alliance Healthcare (Distribution) Ltd),38020711000001102
37866011000001101,Triamterene 50mg / Chlortalidone 50mg tablets (DHP Healthcare Ltd),37866011000001101
318101005,Triamterene 50mg / Furosemide 40mg tablets,318101005
318082004,Triamterene 50mg capsules,318082004
22105811000001107,Triamterene 50mg capsules (Advanz Pharma),22105811000001107
21574911000001103,Zaroxolyn 2.5mg tablets (Imported (Canada)),21574911000001103
21574611000001109,Zaroxolyn 5mg tablets (Imported (Canada)),21574611000001109
317982004,VMP previous to 36061611000001104,317982004
318008002,VMP previous to 36564411000001102,318008002
318009005,VMP previous to 36061511000001103,318009005
318011001,VMP previous to 36061411000001102,318011001
318012008,VMP previous to 34193711000001108,318012008
318025000,VMP previous to 35912911000001108,318025000
318049002,VMP previous to 35900111000001108,318049002
318165003,VMP previous to 35913011000001100,318165003
318169009,VMP previous to 36061311000001109,318169009
8507911000001106,VMP previous to 407011007,8507911000001106
8508011000001108,VMP previous to 407012000,8508011000001108
39021211000001101,VMP subsequent to 318007007,39021211000001101
39108611000001107,VMP subsequent to 318006003,39108611000001107
41883011000001108,VMP subsequent to 327375009,41883011000001108
42206011000001105,VMP subsequent to 318096005,42206011000001105
42206111000001106,VMP subsequent to 318052005,42206111000001106
42207711000001105,VMP subsequent to 318127005,42207711000001105
42207811000001102,VMP subsequent to 318128000,42207811000001102
42209511000001107,VMP subsequent to 407011007,42209511000001107
42209611000001106,VMP subsequent to 407012000,42209611000001106
42213611000001107,VMP subsequent to 374173002,42213611000001107
42213711000001103,VMP subsequent to 317965001,42213711000001103
42216411000001104,VMP subsequent to 318058009,42216411000001104
42216511000001100,VMP subsequent to 318056008,42216511000001100
42216611000001101,VMP subsequent to 318057004,42216611000001101
42216811000001102,VMP subsequent to 318098006,42216811000001102
42216911000001107,VMP subsequent to 318100006,42216911000001107
42217011000001106,VMP subsequent to 318082004,42217011000001106
42290711000001106,VMP subsequent to 318097001,42290711000001106
42292511000001100,VMP subsequent to 318021009,42292511000001100
42292611000001101,VMP subsequent to 318023007,42292611000001101
42292711000001105,VMP subsequent to 318022002,42292711000001105
42293211000001109,VMP subsequent to 318137000,42293211000001109
42293311000001101,VMP subsequent to 318135008,42293311000001101
42293411000001108,VMP subsequent to 318136009,42293411000001108
42294711000001100,VMP subsequent to 317971007,42294711000001100
42294811000001108,VMP subsequent to 317972000,42294811000001108
42294911000001103,VMP subsequent to 317973005,42294911000001103
42295011000001103,VMP subsequent to 318010000,42295011000001103
42297911000001109,VMP subsequent to 318102003,42297911000001109
42298911000001105,VMP subsequent to 318042006,42298911000001105
42299011000001101,VMP subsequent to 318040003,42299011000001101
42299111000001100,VMP subsequent to 318041004,42299111000001100
42299311000001103,VMP subsequent to 318101005,42299311000001103
